Cow_ID,Breed,Age,Weight,Feed_Intake,Water_Intake,Temperature,Humidity,Activity,Pregnant,Health_Status,Previous_Milk_Yield,Milk_Yield_Tomorrow
COW_0001,Guernsey,9.6,516.2,19.32,76.11,11.7,86.3,6.4,0,Healthy,16.71,16.25
COW_0002,Ayrshire,6.7,525.8,17.38,67.38,22.0,33.0,9.8,1,Healthy,17.96,17.35
COW_0003,Guernsey,6.5,503.1,15.83,60.32,12.9,74.5,5.0,1,Healthy,18.08,18.74
COW_0004,Jersey,5.1,422.5,14.43,50.75,10.9,84.7,5.0,0,Healthy,18.36,18.62
COW_0005,Guernsey,1.9,474.8,13.29,57.03,20.7,48.3,5.9,1,Healthy,14.21,13.67
COW_0006,Brown Swiss,3.2,618.4,21.8,90.59,28.2,90.2,6.9,0,Healthy,20.06,20.99
COW_0007,Ayrshire,7.7,562.5,19.01,70.85,31.4,79.5,6.1,0,Healthy,17.58,15.48
COW_0008,Jersey,5.2,468.5,15.69,62.19,24.3,66.6,7.3,1,Healthy,17.45,19.28
COW_0009,Ayrshire,2.2,518.2,16.35,69.98,34.1,42.1,9.0,0,Healthy,17.19,16.94
COW_0010,Holstein,3.8,671.9,20.15,75.5,14.9,64.7,5.4,0,Healthy,24.22,23.57
COW_0011,Holstein,4.9,649.5,21.39,89.65,31.4,39.6,10.0,0,Healthy,24.5,24.15
COW_0012,Holstein,6.9,647.3,21.87,97.35,23.4,65.9,6.3,1,Healthy,21.54,21.01
COW_0013,Ayrshire,6.9,555.8,21.63,81.57,11.2,68.4,7.1,1,Healthy,17.76,18.28
COW_0014,Guernsey,9.5,469.4,16.13,52.17,35.1,73.9,7.6,1,Healthy,16.25,16.57
COW_0015,Jersey,9.8,411.5,13.76,60.04,15.7,48.1,7.3,0,Healthy,14.83,15.57
COW_0016,Guernsey,2.2,494.3,16.75,63.43,10.2,40.5,5.9,0,Healthy,16.13,16.66
COW_0017,Holstein,5.7,635.0,19.29,81.5,19.2,65.3,5.6,0,Healthy,27.75,28.0
COW_0018,Brown Swiss,9.1,601.8,21.67,89.37,25.1,67.5,5.4,1,Healthy,15.69,16.47
COW_0019,Holstein,1.9,649.6,21.72,89.91,32.4,91.9,4.0,0,Healthy,22.32,21.56
COW_0020,Holstein,4.2,630.6,21.13,78.29,38.1,75.2,6.1,1,Unhealthy,21.42,15.15
COW_0021,Holstein,8.7,663.6,20.81,74.23,22.6,46.7,6.5,1,Healthy,21.7,20.75
COW_0022,Guernsey,9.0,512.4,17.01,65.99,23.2,73.7,4.0,1,Healthy,14.53,15.01
COW_0023,Brown Swiss,2.6,646.8,21.54,88.91,12.6,33.4,5.8,0,Healthy,18.06,16.44
COW_0024,Holstein,4.9,656.1,24.04,93.99,17.5,42.0,1.7,0,Unhealthy,28.67,21.63
COW_0025,Jersey,3.5,454.1,15.85,74.07,23.1,77.5,1.4,0,Healthy,17.55,17.28
COW_0026,Guernsey,1.9,479.6,15.47,71.24,12.9,62.0,5.3,1,Healthy,12.66,11.62
COW_0027,Ayrshire,9.0,540.0,18.95,85.47,28.5,91.4,9.5,0,Healthy,18.03,18.52
COW_0028,Brown Swiss,7.0,631.0,24.02,86.32,38.2,55.1,9.7,0,Healthy,19.11,18.61
COW_0029,Ayrshire,8.7,523.2,16.73,71.68,36.3,77.8,8.2,0,Healthy,17.88,18.48
COW_0030,Holstein,7.7,669.8,21.55,83.46,27.4,86.4,6.1,1,Healthy,23.41,24.1
COW_0031,Holstein,6.0,570.2,18.7,71.85,11.6,92.3,8.6,0,Healthy,26.37,26.21
COW_0032,Jersey,6.9,495.6,13.67,52.45,19.9,73.7,7.8,0,Healthy,14.69,14.68
COW_0033,Ayrshire,7.8,589.0,20.04,80.61,35.2,57.7,3.0,0,Unhealthy,17.07,12.84
COW_0034,Brown Swiss,6.4,564.7,19.07,75.34,27.8,52.8,7.4,0,Healthy,22.58,21.88
COW_0035,Brown Swiss,2.4,590.9,19.49,74.55,13.6,37.6,6.8,0,Healthy,19.64,19.55
COW_0036,Holstein,2.2,663.1,18.04,77.87,34.1,93.6,6.0,0,Healthy,20.61,20.84
COW_0037,Holstein,5.9,697.2,24.45,108.57,27.5,88.6,1.4,0,Unhealthy,25.93,19.36
COW_0038,Guernsey,4.4,524.4,18.0,66.8,21.6,44.9,3.4,0,Healthy,19.31,17.98
COW_0039,Holstein,4.1,668.6,23.52,97.79,22.5,90.6,8.8,1,Healthy,27.22,28.16
COW_0040,Holstein,4.7,634.8,20.02,87.26,34.9,67.0,1.6,1,Healthy,22.34,21.95
COW_0041,Ayrshire,10.0,580.9,19.64,76.99,13.9,92.0,6.5,1,Healthy,12.86,11.63
COW_0042,Jersey,5.7,478.7,17.71,70.38,19.2,83.1,9.7,1,Healthy,16.97,18.04
COW_0043,Ayrshire,6.8,513.9,17.99,77.25,21.8,58.4,9.1,0,Healthy,17.25,16.86
COW_0044,Jersey,8.8,480.0,15.82,67.26,17.7,59.8,9.8,0,Healthy,16.94,15.79
COW_0045,Brown Swiss,6.1,670.3,20.47,89.94,15.4,75.3,4.7,0,Healthy,19.12,19.18
COW_0046,Brown Swiss,1.8,610.6,19.35,73.44,15.3,35.8,2.1,0,Healthy,18.05,17.09
COW_0047,Ayrshire,4.2,538.9,16.43,66.33,14.7,54.5,1.0,0,Healthy,22.74,22.88
COW_0048,Jersey,8.0,450.8,17.55,71.46,11.9,39.6,2.2,0,Healthy,17.39,17.91
COW_0049,Jersey,5.3,413.9,13.96,52.06,10.6,50.9,2.9,0,Healthy,15.76,15.93
COW_0050,Guernsey,4.5,522.8,16.81,78.1,27.5,77.9,6.0,0,Healthy,15.93,16.78
COW_0051,Guernsey,7.0,452.2,16.33,65.46,17.1,36.6,2.4,1,Healthy,17.22,16.75
COW_0052,Holstein,2.2,621.9,16.77,70.5,39.5,37.3,4.6,0,Healthy,20.02,20.24
COW_0053,Brown Swiss,8.5,608.6,22.76,97.25,16.2,92.9,7.4,1,Healthy,17.81,19.29
COW_0054,Ayrshire,5.8,547.2,17.76,73.42,27.8,54.0,5.1,0,Healthy,17.54,17.72
COW_0055,Guernsey,3.7,527.7,18.57,70.66,22.4,52.7,9.4,0,Healthy,23.05,23.35
COW_0056,Holstein,3.2,630.4,21.81,86.29,31.6,33.1,8.0,0,Healthy,25.9,26.41
COW_0057,Ayrshire,8.4,547.8,21.19,89.12,21.8,83.1,5.0,0,Healthy,18.78,19.62
COW_0058,Holstein,3.5,622.6,20.19,84.88,26.3,88.9,6.6,1,Healthy,23.46,23.92
COW_0059,Guernsey,8.2,515.8,20.43,82.63,14.6,50.3,3.2,0,Healthy,19.0,20.21
COW_0060,Brown Swiss,7.9,612.1,20.33,76.58,21.4,59.7,6.4,0,Healthy,17.97,20.35
COW_0061,Ayrshire,7.6,577.4,20.57,74.12,20.4,41.8,9.2,0,Healthy,19.81,20.33
COW_0062,Guernsey,9.3,498.6,17.76,66.36,27.8,36.6,9.3,0,Healthy,15.61,16.65
COW_0063,Brown Swiss,7.8,570.3,18.63,74.8,27.7,55.9,1.5,0,Unhealthy,20.58,16.12
COW_0064,Brown Swiss,9.3,530.4,15.17,46.76,37.6,68.2,1.3,0,Unhealthy,15.89,10.69
COW_0065,Ayrshire,9.3,569.2,16.02,58.99,38.8,39.7,4.7,1,Unhealthy,13.52,12.2
COW_0066,Ayrshire,4.9,541.6,19.9,77.95,20.5,60.4,6.6,0,Healthy,22.22,23.15
COW_0067,Brown Swiss,5.4,520.5,18.81,81.47,14.7,41.8,8.8,0,Healthy,19.25,19.92
COW_0068,Guernsey,8.3,466.8,15.02,65.2,26.6,46.5,2.8,0,Healthy,14.39,15.2
COW_0069,Brown Swiss,7.0,589.5,19.11,80.51,35.7,84.0,4.6,0,Healthy,16.54,17.01
COW_0070,Jersey,2.2,443.0,15.11,54.18,22.6,88.0,8.4,0,Healthy,15.08,13.95
COW_0071,Guernsey,8.6,529.6,16.47,70.63,16.6,93.3,8.0,1,Healthy,14.56,14.54
COW_0072,Holstein,5.6,660.8,24.36,97.88,31.0,56.2,3.0,0,Healthy,25.43,25.25
COW_0073,Jersey,3.8,454.4,13.53,56.16,29.5,83.9,2.9,1,Healthy,11.74,13.04
COW_0074,Holstein,5.7,701.0,24.91,100.93,22.1,80.1,4.8,0,Healthy,28.4,28.22
COW_0075,Brown Swiss,4.0,640.2,19.8,82.07,24.3,73.1,9.4,0,Healthy,17.93,17.47
COW_0076,Brown Swiss,6.6,603.7,21.65,83.08,13.2,34.9,7.6,0,Healthy,20.36,21.81
COW_0077,Brown Swiss,2.2,629.6,19.89,80.65,12.6,92.3,7.8,0,Healthy,22.11,22.78
COW_0078,Holstein,9.2,694.5,24.95,104.94,11.5,73.5,1.4,0,Healthy,21.31,21.09
COW_0079,Holstein,3.1,643.6,19.79,82.44,11.6,59.6,5.7,0,Healthy,26.31,27.03
COW_0080,Ayrshire,2.2,485.7,14.46,64.23,31.7,34.2,3.8,0,Healthy,15.88,16.71
COW_0081,Ayrshire,6.7,542.2,19.49,75.37,24.4,70.8,8.9,0,Healthy,22.31,20.96
COW_0082,Ayrshire,7.7,492.5,16.24,64.29,18.9,85.4,7.4,0,Healthy,19.42,19.22
COW_0083,Holstein,4.8,628.9,21.96,89.21,36.5,69.1,9.1,0,Healthy,25.25,25.13
COW_0084,Ayrshire,7.0,522.2,17.67,82.96,16.9,41.5,3.0,1,Healthy,16.58,17.53
COW_0085,Holstein,5.9,670.5,25.81,103.78,24.7,94.8,9.1,0,Healthy,26.42,24.62
COW_0086,Brown Swiss,2.6,573.6,19.36,79.11,29.7,65.8,1.8,0,Healthy,17.05,16.47
COW_0087,Jersey,6.0,470.4,15.58,71.65,26.3,86.2,7.6,0,Healthy,18.31,17.8
COW_0088,Holstein,4.3,634.6,21.42,82.53,15.7,87.3,9.7,0,Healthy,26.66,27.17
COW_0089,Jersey,8.5,450.6,16.79,68.12,29.0,46.9,6.7,0,Healthy,15.5,15.71
COW_0090,Jersey,5.2,441.0,14.03,61.66,15.4,79.0,8.1,1,Healthy,16.64,16.16
COW_0091,Holstein,2.0,715.7,22.51,81.51,12.0,83.4,4.3,0,Healthy,26.17,26.71
COW_0092,Brown Swiss,5.3,598.6,20.41,79.13,30.8,44.4,1.7,0,Unhealthy,18.82,14.81
COW_0093,Guernsey,1.8,510.8,17.22,67.16,19.4,50.8,7.5,0,Healthy,19.89,20.21
COW_0094,Jersey,8.8,465.5,16.12,64.34,15.6,86.5,8.0,0,Healthy,16.19,16.68
COW_0095,Guernsey,1.8,504.9,17.73,70.47,13.5,38.1,7.2,0,Healthy,19.97,19.38
COW_0096,Ayrshire,3.8,539.6,16.85,72.38,23.7,30.8,1.7,0,Healthy,23.32,22.92
COW_0097,Ayrshire,7.9,565.4,19.93,78.1,24.5,43.7,4.1,0,Healthy,19.11,19.16
COW_0098,Holstein,4.5,624.6,19.11,75.03,27.0,74.8,8.2,1,Healthy,25.57,26.31
COW_0099,Holstein,1.9,708.9,23.93,97.69,34.1,52.1,8.3,1,Healthy,21.3,22.35
COW_0100,Jersey,5.6,454.4,17.52,67.78,27.8,72.3,5.3,0,Healthy,17.41,15.79
COW_0101,Ayrshire,8.2,539.3,21.01,92.68,16.9,94.8,9.8,0,Healthy,20.14,19.74
COW_0102,Holstein,8.6,656.9,23.37,92.11,28.9,77.8,7.9,0,Healthy,25.24,27.6
COW_0103,Jersey,7.7,474.3,15.59,61.5,18.3,68.5,9.2,1,Healthy,15.76,16.86
COW_0104,Brown Swiss,8.1,623.3,23.05,84.5,29.0,54.2,5.6,0,Healthy,19.26,18.67
COW_0105,Ayrshire,5.3,479.7,16.18,58.94,21.7,93.0,3.3,0,Healthy,21.37,21.0
COW_0106,Ayrshire,3.5,549.4,18.78,73.62,23.3,51.5,5.0,0,Healthy,19.75,18.83
COW_0107,Guernsey,7.5,491.3,15.69,61.15,35.3,82.4,6.3,0,Healthy,19.09,18.83
COW_0108,Jersey,2.5,437.6,12.58,53.47,15.4,35.8,1.9,0,Healthy,14.28,15.57
COW_0109,Brown Swiss,1.5,604.2,20.62,81.81,25.5,61.8,7.0,1,Healthy,18.8,19.69
COW_0110,Jersey,7.7,426.6,13.49,51.82,31.9,40.2,3.1,0,Healthy,15.98,15.0
COW_0111,Brown Swiss,7.3,672.1,22.09,89.37,10.9,90.5,7.2,0,Healthy,21.52,20.65
COW_0112,Ayrshire,6.4,584.0,17.79,68.96,28.1,50.7,8.8,0,Healthy,18.14,18.3
COW_0113,Brown Swiss,9.0,549.5,16.73,72.15,32.9,81.9,4.9,0,Healthy,17.4,17.26
COW_0114,Holstein,4.6,650.5,23.86,91.21,21.7,59.2,3.1,0,Healthy,31.33,32.14
COW_0115,Holstein,4.7,651.9,23.2,90.53,20.2,54.7,4.6,0,Healthy,28.57,29.68
COW_0116,Jersey,7.6,462.7,17.25,69.43,22.9,88.3,1.6,0,Healthy,14.99,16.21
COW_0117,Ayrshire,4.5,539.1,16.36,61.09,19.2,82.2,5.9,0,Healthy,18.51,17.72
COW_0118,Guernsey,8.5,523.5,15.69,63.08,35.8,82.0,2.7,0,Unhealthy,14.01,10.93
COW_0119,Guernsey,5.6,505.6,18.73,75.55,38.5,69.1,8.4,0,Healthy,16.93,17.33
COW_0120,Jersey,4.6,420.8,14.15,57.93,26.7,46.6,3.7,0,Healthy,18.16,18.87
COW_0121,Brown Swiss,6.8,666.7,20.14,83.18,35.9,44.1,1.9,1,Unhealthy,14.66,11.77
COW_0122,Jersey,3.7,499.7,15.67,63.5,14.3,47.8,6.4,0,Healthy,13.98,12.4
COW_0123,Brown Swiss,9.9,617.1,22.81,89.34,12.6,88.1,2.7,0,Unhealthy,18.25,13.22
COW_0124,Holstein,8.6,643.6,20.46,82.87,29.2,47.6,6.3,0,Healthy,22.23,21.0
COW_0125,Jersey,10.0,465.6,18.28,71.82,11.8,66.5,9.6,1,Healthy,16.31,16.45
COW_0126,Holstein,8.5,604.1,19.91,81.56,21.5,37.8,9.8,1,Healthy,22.96,23.57
COW_0127,Ayrshire,2.3,562.0,17.52,71.57,25.2,40.4,1.6,1,Healthy,17.98,17.05
COW_0128,Jersey,9.5,415.4,10.95,46.34,21.9,59.1,6.4,0,Healthy,13.94,14.61
COW_0129,Ayrshire,4.8,472.1,15.62,73.44,30.2,64.6,7.5,1,Healthy,18.81,18.37
COW_0130,Brown Swiss,3.0,629.4,19.22,83.45,39.3,71.7,8.4,1,Healthy,18.82,18.58
COW_0131,Ayrshire,4.2,518.4,17.63,75.27,17.0,35.2,8.0,1,Healthy,13.4,13.98
COW_0132,Ayrshire,1.7,527.6,14.93,66.0,21.6,66.7,2.7,1,Healthy,18.05,17.97
COW_0133,Holstein,5.2,627.0,21.97,90.62,28.5,71.2,3.1,1,Healthy,23.36,23.75
COW_0134,Jersey,2.6,426.9,13.89,60.51,15.8,53.9,4.7,0,Healthy,17.53,18.14
COW_0135,Jersey,2.6,480.8,15.29,69.91,15.7,70.2,3.9,0,Healthy,17.28,17.18
COW_0136,Holstein,6.2,635.9,22.78,90.33,12.9,61.7,2.4,0,Healthy,27.35,28.72
COW_0137,Guernsey,8.8,512.4,16.73,69.25,34.3,35.0,3.5,0,Healthy,15.58,16.05
COW_0138,Jersey,4.8,461.4,12.96,50.46,36.7,59.3,8.9,1,Healthy,13.5,13.71
COW_0139,Holstein,7.8,685.5,23.48,81.75,23.9,94.5,9.7,0,Healthy,25.57,24.71
COW_0140,Ayrshire,7.1,492.0,15.06,64.64,10.6,35.3,9.7,0,Healthy,19.69,20.74
COW_0141,Jersey,1.6,430.6,12.89,56.37,19.7,38.1,5.3,1,Healthy,13.55,13.58
COW_0142,Guernsey,2.8,520.7,15.94,64.77,21.3,65.8,4.5,1,Healthy,16.48,16.35
COW_0143,Brown Swiss,9.0,559.8,19.84,80.88,35.4,89.7,3.3,0,Unhealthy,17.41,13.45
COW_0144,Guernsey,2.0,518.4,18.79,71.16,18.1,65.1,7.6,1,Healthy,15.47,15.69
COW_0145,Brown Swiss,2.8,570.8,16.18,68.74,28.4,36.9,2.4,1,Healthy,17.8,17.66
COW_0146,Jersey,6.2,472.9,16.5,69.85,36.4,48.1,2.7,0,Unhealthy,13.51,10.99
COW_0147,Brown Swiss,3.1,635.9,20.07,79.61,32.8,32.3,7.7,1,Healthy,16.58,15.42
COW_0148,Brown Swiss,8.7,566.8,19.05,59.44,13.7,55.0,6.8,0,Healthy,18.19,17.9
COW_0149,Ayrshire,1.7,529.4,16.85,60.18,36.2,63.2,7.5,1,Unhealthy,11.9,8.73
COW_0150,Jersey,6.6,452.5,14.47,58.21,19.7,71.4,2.3,0,Healthy,17.52,17.12
COW_0151,Ayrshire,2.8,520.6,14.38,57.11,27.9,77.8,10.0,0,Healthy,17.37,18.86
COW_0152,Brown Swiss,7.3,567.7,19.19,69.88,39.4,40.7,7.3,0,Unhealthy,19.78,15.42
COW_0153,Brown Swiss,9.5,586.0,16.95,70.37,23.7,61.4,2.2,1,Healthy,14.66,12.36
COW_0154,Holstein,1.6,644.8,20.87,78.48,37.7,60.7,1.1,0,Unhealthy,19.52,13.88
COW_0155,Jersey,3.8,443.2,16.98,65.29,11.9,88.9,2.3,0,Unhealthy,17.92,14.03
COW_0156,Jersey,7.7,443.7,13.05,52.89,36.5,55.6,8.5,0,Unhealthy,13.6,12.08
COW_0157,Ayrshire,7.1,547.9,16.05,66.53,28.3,52.7,2.0,1,Healthy,16.01,16.52
COW_0158,Holstein,5.9,635.4,20.52,82.84,31.2,65.3,1.7,0,Unhealthy,23.19,17.35
COW_0159,Holstein,7.2,573.2,17.4,72.7,11.9,63.3,8.3,0,Healthy,27.85,27.35
COW_0160,Ayrshire,2.9,556.3,20.1,76.56,25.6,43.3,8.9,0,Healthy,19.25,19.66
COW_0161,Jersey,7.9,491.1,19.23,75.58,18.5,55.4,8.2,0,Healthy,15.83,15.18
COW_0162,Ayrshire,9.7,534.5,17.81,64.05,18.6,81.5,6.2,0,Healthy,16.44,17.46
COW_0163,Jersey,2.8,472.1,16.56,70.41,37.2,48.0,9.9,1,Healthy,12.58,11.82
COW_0164,Guernsey,8.3,510.6,17.36,66.73,19.6,94.2,5.4,1,Healthy,14.4,15.34
COW_0165,Jersey,5.1,476.7,19.62,81.38,12.4,77.5,2.7,0,Unhealthy,19.81,16.3
COW_0166,Guernsey,9.9,508.8,17.21,72.5,19.4,46.5,8.4,0,Healthy,13.78,13.91
COW_0167,Jersey,2.4,437.3,13.81,51.93,32.5,72.3,6.6,0,Healthy,11.69,12.01
COW_0168,Brown Swiss,1.8,599.3,19.04,77.65,19.4,30.2,7.1,1,Healthy,18.31,18.01
COW_0169,Ayrshire,1.8,567.8,16.76,70.66,29.9,46.9,9.2,0,Healthy,17.73,17.62
COW_0170,Guernsey,4.7,475.6,15.34,56.29,34.1,61.1,1.2,0,Unhealthy,18.42,13.26
COW_0171,Brown Swiss,7.9,626.7,19.89,82.86,13.4,75.7,5.9,1,Healthy,16.65,16.63
COW_0172,Holstein,8.5,640.1,22.11,96.08,11.9,87.0,8.9,0,Healthy,25.39,27.19
COW_0173,Guernsey,6.5,481.7,15.95,65.54,13.4,36.1,9.2,0,Healthy,20.57,20.72
COW_0174,Ayrshire,7.4,567.0,17.03,67.57,20.2,40.7,2.5,0,Healthy,20.49,20.27
COW_0175,Guernsey,2.4,493.6,12.68,52.84,28.0,78.3,5.6,0,Healthy,16.34,15.75
COW_0176,Guernsey,6.6,467.0,15.12,62.0,24.1,59.3,5.3,0,Healthy,14.83,13.67
COW_0177,Holstein,5.9,640.0,19.99,81.56,25.4,49.1,9.4,0,Healthy,28.29,27.58
COW_0178,Brown Swiss,9.0,608.1,19.41,77.99,30.3,32.9,5.1,0,Healthy,16.72,15.82
COW_0179,Ayrshire,7.6,497.3,17.75,68.58,17.7,33.9,6.4,0,Healthy,19.54,18.87
COW_0180,Jersey,2.3,400.3,14.91,70.64,37.0,56.3,3.9,0,Healthy,17.28,16.43
COW_0181,Brown Swiss,6.5,606.2,21.14,86.47,13.6,88.7,1.6,0,Healthy,22.1,22.07
COW_0182,Brown Swiss,5.3,593.8,19.32,73.44,37.3,82.5,2.9,0,Unhealthy,20.53,15.13
COW_0183,Ayrshire,3.8,567.0,17.71,77.8,34.7,85.7,9.2,0,Healthy,17.32,15.85
COW_0184,Holstein,1.7,688.1,23.57,82.32,25.4,40.8,6.8,1,Healthy,22.5,20.81
COW_0185,Brown Swiss,4.4,595.5,18.58,79.87,28.2,53.7,3.0,0,Healthy,18.56,17.91
COW_0186,Ayrshire,3.4,551.4,18.24,75.05,14.1,36.5,2.9,0,Healthy,17.02,15.86
COW_0187,Ayrshire,5.4,555.1,17.88,75.0,28.1,83.7,9.9,0,Healthy,19.35,18.12
COW_0188,Guernsey,9.8,462.8,19.22,67.85,15.1,46.0,8.5,0,Healthy,18.25,18.93
COW_0189,Ayrshire,4.4,486.6,17.18,63.36,23.3,70.7,5.4,0,Healthy,21.31,21.54
COW_0190,Holstein,8.2,679.2,24.99,98.52,14.4,85.4,7.4,0,Healthy,26.06,25.24
COW_0191,Ayrshire,5.4,521.7,17.33,67.51,11.0,93.0,9.5,0,Healthy,23.66,23.62
COW_0192,Jersey,5.7,486.9,20.08,85.1,23.2,69.4,9.3,0,Healthy,19.7,19.95
COW_0193,Guernsey,8.5,510.4,19.08,82.15,36.8,34.1,9.0,0,Healthy,15.54,16.06
COW_0194,Jersey,5.6,454.4,16.68,71.46,30.8,38.7,3.7,0,Healthy,16.17,16.86
COW_0195,Holstein,8.2,689.3,20.59,83.26,31.0,36.8,4.6,0,Healthy,22.18,22.56
COW_0196,Guernsey,6.4,453.6,13.89,57.24,35.3,45.7,5.3,1,Healthy,16.38,17.37
COW_0197,Jersey,3.9,468.7,15.18,59.4,16.8,71.6,9.8,0,Healthy,14.1,13.42
COW_0198,Holstein,7.6,660.9,21.6,91.85,34.6,66.1,6.7,0,Healthy,20.24,20.07
COW_0199,Guernsey,2.7,481.5,17.22,59.71,14.0,70.9,1.5,0,Healthy,18.6,18.6
COW_0200,Jersey,7.6,449.8,16.17,65.73,27.5,60.4,4.1,0,Healthy,15.89,16.01
COW_0201,Jersey,4.2,455.9,15.34,65.61,21.3,92.7,1.8,0,Unhealthy,17.32,14.25
COW_0202,Jersey,2.7,420.1,14.69,56.96,15.5,48.1,2.2,0,Unhealthy,19.98,14.66
COW_0203,Holstein,4.6,650.0,22.35,82.18,16.3,54.0,4.3,1,Healthy,21.8,22.79
COW_0204,Jersey,3.3,442.8,14.06,66.76,36.4,44.0,7.1,0,Healthy,13.59,13.26
COW_0205,Jersey,7.8,442.3,17.54,66.12,11.3,73.3,8.4,0,Healthy,17.16,17.4
COW_0206,Ayrshire,4.7,522.9,16.91,62.67,24.8,56.3,5.8,0,Healthy,20.58,20.37
COW_0207,Guernsey,4.9,493.3,18.63,70.19,13.9,85.7,6.2,1,Healthy,17.69,16.79
COW_0208,Ayrshire,4.4,527.4,16.13,68.18,29.3,67.1,6.1,0,Healthy,20.66,20.76
COW_0209,Brown Swiss,8.6,553.4,19.45,75.44,37.0,76.2,9.4,0,Healthy,16.37,16.51
COW_0210,Guernsey,9.6,488.9,16.17,65.83,38.9,34.9,4.3,1,Healthy,12.09,11.84
COW_0211,Jersey,4.2,470.3,15.61,64.63,34.3,91.6,4.0,0,Healthy,14.28,14.41
COW_0212,Jersey,2.8,441.4,12.93,50.94,38.7,64.4,3.2,0,Healthy,12.91,13.09
COW_0213,Jersey,6.1,446.2,12.75,56.44,24.4,88.3,7.1,1,Healthy,15.15,13.25
COW_0214,Guernsey,9.7,515.0,17.07,69.94,17.8,58.4,6.3,1,Healthy,14.88,14.91
COW_0215,Brown Swiss,7.7,640.8,19.65,81.23,39.0,55.5,8.7,0,Healthy,16.19,16.0
COW_0216,Holstein,2.9,599.8,22.02,89.86,25.0,30.8,1.1,0,Healthy,24.91,25.39
COW_0217,Jersey,5.9,436.3,15.54,59.37,36.8,30.0,9.1,1,Unhealthy,11.9,8.92
COW_0218,Holstein,8.0,670.0,20.09,72.34,32.6,89.7,9.6,0,Healthy,23.64,23.17
COW_0219,Guernsey,6.4,528.2,17.02,70.52,16.9,92.2,2.3,0,Unhealthy,19.71,16.13
COW_0220,Brown Swiss,5.1,584.2,20.67,80.31,14.3,58.0,9.1,0,Healthy,24.65,24.22
COW_0221,Guernsey,5.7,510.2,14.85,56.65,35.7,43.5,1.6,1,Unhealthy,13.46,8.01
COW_0222,Brown Swiss,8.6,606.0,21.85,82.04,33.1,72.6,2.4,0,Healthy,15.28,15.54
COW_0223,Ayrshire,4.8,585.1,22.96,88.59,20.9,77.0,2.8,1,Healthy,20.32,21.12
COW_0224,Guernsey,9.7,495.9,17.38,63.78,32.3,85.1,4.8,0,Healthy,17.15,16.37
COW_0225,Holstein,4.7,697.4,20.43,78.73,26.3,76.1,2.5,0,Healthy,26.24,26.76
COW_0226,Guernsey,6.9,462.4,15.52,56.78,33.4,76.1,2.5,0,Healthy,15.21,15.07
COW_0227,Brown Swiss,8.3,587.5,20.8,81.36,30.0,40.2,2.1,0,Healthy,17.96,19.27
COW_0228,Holstein,4.7,580.3,19.83,76.65,32.0,55.0,1.2,0,Healthy,25.99,26.35
COW_0229,Brown Swiss,5.8,609.2,22.87,79.82,19.3,61.3,2.1,0,Healthy,24.5,24.65
COW_0230,Guernsey,6.8,505.7,18.14,69.76,25.0,34.6,3.8,0,Healthy,17.08,17.63
COW_0231,Holstein,6.2,617.4,18.72,81.13,20.0,77.6,4.6,1,Healthy,20.92,20.49
COW_0232,Brown Swiss,7.3,548.8,18.36,73.24,33.5,77.7,2.0,0,Unhealthy,19.08,15.38
COW_0233,Jersey,9.5,459.1,15.09,60.93,39.4,66.1,2.7,0,Unhealthy,11.21,7.77
COW_0234,Brown Swiss,3.2,601.1,17.22,68.24,18.6,72.7,9.7,0,Healthy,19.22,19.37
COW_0235,Guernsey,5.4,502.9,15.28,67.99,21.2,66.6,5.1,0,Healthy,20.6,19.28
COW_0236,Jersey,8.9,453.8,15.8,64.9,16.1,68.2,7.3,0,Healthy,15.1,15.07
COW_0237,Holstein,6.1,674.6,24.45,93.64,29.9,62.4,7.7,0,Healthy,27.62,27.83
COW_0238,Brown Swiss,7.6,608.9,20.12,80.05,28.4,71.4,3.2,0,Healthy,19.59,20.04
COW_0239,Holstein,3.3,620.2,19.22,76.54,32.0,69.4,7.1,1,Healthy,20.22,20.55
COW_0240,Brown Swiss,5.7,613.6,21.62,83.02,21.9,63.4,3.3,0,Healthy,23.44,22.84
COW_0241,Ayrshire,6.5,493.6,16.72,70.93,30.0,81.2,5.1,0,Healthy,18.51,18.03
COW_0242,Guernsey,6.0,543.0,18.49,71.56,22.6,62.5,8.1,0,Healthy,20.01,18.96
COW_0243,Brown Swiss,5.7,585.2,21.48,79.64,14.8,40.4,1.6,1,Healthy,21.3,21.41
COW_0244,Guernsey,5.3,504.1,16.48,69.82,26.6,46.6,7.7,1,Healthy,17.61,17.71
COW_0245,Ayrshire,4.3,542.3,14.57,57.13,26.6,62.7,2.7,0,Healthy,17.47,17.61
COW_0246,Brown Swiss,5.0,604.9,16.48,60.59,31.7,55.0,5.4,0,Healthy,20.03,20.36
COW_0247,Guernsey,5.9,493.0,16.91,63.74,16.7,63.7,6.5,1,Healthy,17.14,16.04
COW_0248,Guernsey,6.4,485.9,15.98,65.03,32.6,86.6,7.1,0,Healthy,16.29,16.81
COW_0249,Ayrshire,8.9,554.8,21.64,87.82,13.5,51.9,2.3,0,Healthy,17.53,18.22
COW_0250,Jersey,5.8,444.7,14.23,56.67,33.8,34.5,5.3,0,Healthy,17.95,18.75
COW_0251,Holstein,7.7,684.2,23.81,100.56,16.1,38.3,3.6,0,Healthy,25.44,25.15
COW_0252,Brown Swiss,1.6,636.5,23.64,89.19,10.5,48.3,2.9,1,Healthy,16.0,15.93
COW_0253,Guernsey,6.1,499.1,17.0,69.46,16.9,91.3,1.4,0,Healthy,19.33,19.89
COW_0254,Guernsey,5.4,537.2,19.07,82.65,31.3,30.5,3.0,0,Healthy,18.63,18.62
COW_0255,Ayrshire,2.4,542.8,17.04,75.34,25.6,52.8,7.1,0,Healthy,15.06,15.59
COW_0256,Brown Swiss,2.9,572.5,19.12,75.89,32.5,89.0,7.8,0,Healthy,19.9,20.15
COW_0257,Jersey,4.1,486.9,15.08,67.17,15.6,69.0,8.8,0,Healthy,14.37,14.67
COW_0258,Jersey,7.4,486.2,17.78,69.02,29.8,81.8,3.4,0,Healthy,16.18,16.14
COW_0259,Holstein,6.0,645.3,23.23,97.41,34.7,34.1,8.0,0,Healthy,23.28,23.87
COW_0260,Holstein,5.2,676.5,22.85,83.58,11.2,73.3,3.9,0,Healthy,27.57,28.16
COW_0261,Ayrshire,8.5,527.3,18.37,69.94,12.8,94.9,3.9,0,Healthy,18.6,17.79
COW_0262,Guernsey,9.1,493.9,15.85,68.9,10.4,35.2,3.8,1,Healthy,13.37,14.26
COW_0263,Brown Swiss,1.5,596.2,20.66,74.38,12.1,71.5,7.6,0,Healthy,17.08,18.4
COW_0264,Brown Swiss,9.4,656.2,22.21,78.34,16.3,94.7,9.8,0,Healthy,19.27,19.98
COW_0265,Brown Swiss,9.6,586.9,20.96,84.85,11.6,71.9,9.8,1,Healthy,17.65,18.25
COW_0266,Holstein,3.0,669.5,21.5,95.1,30.0,84.4,2.5,1,Healthy,22.55,23.61
COW_0267,Guernsey,5.4,514.7,17.39,71.75,36.4,68.0,8.5,0,Healthy,17.78,17.44
COW_0268,Brown Swiss,1.9,607.5,19.94,77.5,12.5,69.4,8.9,0,Healthy,17.53,18.03
COW_0269,Brown Swiss,7.8,626.9,19.74,80.23,39.2,60.2,8.6,1,Healthy,16.03,16.3
COW_0270,Ayrshire,2.2,548.3,17.09,67.47,16.3,44.9,5.2,0,Healthy,15.72,15.35
COW_0271,Ayrshire,3.5,529.7,16.61,73.29,11.9,43.7,8.3,1,Healthy,15.75,15.72
COW_0272,Brown Swiss,6.3,574.5,18.42,75.19,27.4,62.9,2.3,0,Healthy,19.99,18.57
COW_0273,Jersey,8.5,447.4,13.81,63.93,27.2,73.4,8.0,0,Healthy,14.37,15.35
COW_0274,Holstein,8.0,654.4,17.78,81.06,29.7,66.4,7.2,0,Healthy,22.0,21.79
COW_0275,Guernsey,5.0,523.1,17.31,77.89,25.4,86.5,4.6,0,Healthy,20.05,19.35
COW_0276,Guernsey,2.9,524.0,17.25,74.87,22.2,88.7,6.4,0,Healthy,15.24,15.99
COW_0277,Brown Swiss,9.5,590.9,20.61,85.04,20.1,94.3,1.2,0,Unhealthy,20.88,17.68
COW_0278,Guernsey,1.5,515.6,17.46,71.72,28.8,78.8,2.4,0,Healthy,15.62,15.41
COW_0279,Jersey,9.6,453.2,15.82,66.99,28.5,79.4,5.6,0,Healthy,15.92,17.09
COW_0280,Jersey,3.0,430.4,14.42,47.03,28.5,89.2,5.6,0,Healthy,12.92,14.3
COW_0281,Holstein,8.3,624.7,21.66,84.5,33.2,89.5,2.7,0,Unhealthy,19.71,13.78
COW_0282,Brown Swiss,7.9,613.9,20.75,80.77,17.1,74.0,6.1,0,Healthy,18.68,18.55
COW_0283,Brown Swiss,6.0,578.4,20.2,79.83,38.8,73.4,9.4,0,Healthy,18.51,17.57
COW_0284,Jersey,6.8,475.8,15.94,76.43,20.5,89.3,4.1,0,Healthy,17.49,19.05
COW_0285,Guernsey,9.9,472.8,13.68,54.18,17.8,52.3,8.5,0,Healthy,14.26,14.77
COW_0286,Guernsey,2.9,495.2,17.54,65.23,18.2,52.2,5.0,0,Healthy,16.79,17.47
COW_0287,Ayrshire,2.5,569.9,18.64,78.76,35.7,53.2,7.8,0,Healthy,15.37,15.25
COW_0288,Jersey,3.1,428.7,12.89,42.14,34.9,37.8,7.6,0,Healthy,14.51,13.03
COW_0289,Guernsey,7.7,528.8,20.18,72.71,11.4,44.2,1.1,0,Healthy,16.99,17.04
COW_0290,Brown Swiss,5.0,632.3,21.86,87.89,12.5,46.5,8.0,1,Healthy,19.88,19.37
COW_0291,Ayrshire,3.4,545.1,18.39,78.0,35.9,44.5,8.9,0,Healthy,19.93,18.68
COW_0292,Guernsey,9.9,509.5,13.95,51.5,11.5,33.4,7.2,0,Healthy,15.99,14.92
COW_0293,Jersey,4.6,459.7,15.82,52.46,20.9,82.4,4.0,1,Healthy,15.66,14.44
COW_0294,Brown Swiss,3.4,515.0,18.8,72.88,34.7,55.0,5.1,0,Healthy,19.55,19.91
COW_0295,Jersey,9.5,425.4,12.8,57.14,20.0,90.3,8.6,1,Healthy,15.26,16.5
COW_0296,Guernsey,7.4,501.7,14.72,62.26,30.4,91.1,1.4,0,Unhealthy,17.84,13.27
COW_0297,Brown Swiss,4.5,652.0,20.23,78.14,21.9,41.8,2.4,0,Healthy,21.31,20.35
COW_0298,Ayrshire,7.5,532.1,17.13,65.36,39.1,47.1,3.8,0,Healthy,16.02,15.51
COW_0299,Ayrshire,6.9,579.5,18.28,83.07,22.9,77.5,8.4,1,Healthy,17.7,18.66
COW_0300,Guernsey,4.7,503.5,16.34,66.91,35.3,61.5,5.6,0,Healthy,14.9,15.51
COW_0301,Brown Swiss,8.5,630.1,22.42,84.08,16.3,85.7,8.4,0,Healthy,18.43,19.62
COW_0302,Ayrshire,9.9,500.4,16.62,64.8,29.8,74.7,2.1,0,Healthy,16.77,15.85
COW_0303,Guernsey,6.1,471.0,15.12,58.98,32.7,88.4,1.8,0,Healthy,15.68,14.77
COW_0304,Brown Swiss,3.5,610.3,18.52,69.61,18.4,48.1,1.3,0,Healthy,19.43,18.32
COW_0305,Brown Swiss,1.7,594.5,19.67,75.3,11.2,68.2,4.6,0,Healthy,20.62,21.38
COW_0306,Guernsey,5.1,474.5,16.31,67.59,16.7,44.7,8.4,0,Healthy,20.01,19.29
COW_0307,Guernsey,3.9,476.7,13.9,59.81,32.8,77.3,5.4,0,Healthy,17.54,17.02
COW_0308,Ayrshire,8.0,522.9,17.0,67.15,18.0,53.5,4.7,0,Healthy,20.74,20.05
COW_0309,Ayrshire,4.4,505.9,15.05,64.51,33.7,39.2,5.9,1,Healthy,16.8,17.17
COW_0310,Jersey,1.8,496.8,16.76,52.27,13.5,41.0,4.2,0,Healthy,19.21,19.3
COW_0311,Jersey,5.2,497.6,14.99,60.01,29.3,31.5,4.9,0,Healthy,19.75,19.92
COW_0312,Jersey,3.7,431.0,12.92,35.48,15.9,72.4,8.0,0,Healthy,17.04,19.04
COW_0313,Brown Swiss,9.8,627.0,21.37,91.4,27.8,69.2,7.1,0,Healthy,15.75,16.48
COW_0314,Ayrshire,5.4,519.3,16.9,69.63,29.8,72.4,3.3,0,Healthy,19.04,18.82
COW_0315,Brown Swiss,7.7,591.4,16.34,64.31,24.0,30.9,1.7,0,Healthy,19.18,18.32
COW_0316,Guernsey,7.7,547.8,21.52,85.44,34.2,55.9,8.3,0,Healthy,18.39,16.7
COW_0317,Jersey,9.3,426.0,13.64,49.57,25.8,75.4,9.1,0,Healthy,16.22,16.51
COW_0318,Brown Swiss,3.7,604.4,19.59,79.08,37.7,51.2,2.1,0,Unhealthy,18.21,13.49
COW_0319,Ayrshire,4.4,519.5,17.57,77.96,33.4,37.7,1.0,0,Healthy,17.95,18.89
COW_0320,Brown Swiss,8.5,604.0,20.12,85.1,34.4,55.0,7.0,0,Healthy,16.4,15.32
COW_0321,Guernsey,2.3,535.5,13.94,62.14,19.8,49.9,4.6,0,Healthy,17.02,16.39
COW_0322,Brown Swiss,7.8,588.0,18.22,74.61,27.2,46.7,8.2,0,Healthy,19.67,20.55
COW_0323,Guernsey,5.3,526.1,17.89,70.08,38.9,37.0,5.3,0,Healthy,16.83,16.99
COW_0324,Brown Swiss,6.9,572.9,21.86,87.34,17.6,50.0,6.5,0,Healthy,22.05,23.08
COW_0325,Brown Swiss,9.2,579.0,20.85,83.63,32.0,90.1,9.8,0,Healthy,18.66,18.74
COW_0326,Holstein,7.2,661.4,20.36,74.18,26.5,81.4,3.9,0,Healthy,26.02,25.6
COW_0327,Holstein,5.8,664.9,20.47,76.11,13.5,87.4,4.7,0,Healthy,23.78,25.37
COW_0328,Holstein,9.5,624.7,21.22,85.54,14.5,61.0,6.4,0,Healthy,20.71,19.89
COW_0329,Ayrshire,7.2,542.9,17.29,64.2,11.3,53.6,1.9,1,Healthy,18.06,18.28
COW_0330,Brown Swiss,6.3,544.2,17.65,74.62,18.9,39.3,2.4,0,Unhealthy,19.59,14.83
COW_0331,Jersey,5.5,417.8,13.81,60.38,37.5,53.4,3.8,1,Healthy,12.92,12.13
COW_0332,Guernsey,1.8,459.5,15.82,50.62,27.4,90.8,7.1,0,Healthy,16.23,15.91
COW_0333,Guernsey,1.7,495.6,14.32,59.1,35.1,42.8,5.0,1,Healthy,13.81,13.2
COW_0334,Jersey,8.5,450.1,16.72,69.75,28.0,56.9,9.6,0,Healthy,13.56,13.96
COW_0335,Holstein,1.7,664.1,22.56,86.8,35.1,65.3,4.4,0,Healthy,23.5,23.84
COW_0336,Ayrshire,4.8,522.8,17.06,65.44,25.4,61.4,4.4,0,Healthy,20.7,19.76
COW_0337,Ayrshire,6.2,545.4,18.01,68.8,13.4,89.6,8.0,0,Healthy,18.8,16.68
COW_0338,Jersey,9.5,480.4,15.12,64.58,12.3,41.0,2.1,1,Unhealthy,10.63,8.07
COW_0339,Brown Swiss,7.4,629.1,18.95,81.54,22.4,72.4,6.2,1,Healthy,16.16,16.58
COW_0340,Ayrshire,3.5,541.5,18.8,80.4,26.4,60.9,9.3,1,Healthy,16.5,15.45
COW_0341,Brown Swiss,4.3,603.4,19.98,79.53,28.9,78.1,6.5,1,Healthy,21.16,20.68
COW_0342,Guernsey,6.4,520.6,17.83,73.7,36.0,33.9,7.2,1,Healthy,17.24,15.47
COW_0343,Guernsey,10.0,510.0,15.59,57.35,14.8,91.7,8.9,0,Healthy,15.18,14.71
COW_0344,Brown Swiss,7.5,564.8,19.62,79.14,20.5,45.8,6.9,1,Healthy,16.57,16.0
COW_0345,Brown Swiss,4.5,609.9,22.3,93.6,27.0,81.8,7.6,0,Healthy,20.43,20.11
COW_0346,Ayrshire,2.0,523.5,15.88,66.36,19.6,57.0,9.2,1,Healthy,15.76,15.27
COW_0347,Brown Swiss,3.0,573.3,18.83,79.58,22.2,63.9,9.1,1,Healthy,21.36,21.54
COW_0348,Holstein,4.2,684.9,24.37,99.9,28.3,49.2,3.3,0,Healthy,26.56,26.24
COW_0349,Jersey,4.1,497.8,18.42,83.28,12.4,35.7,2.5,0,Healthy,16.21,15.63
COW_0350,Holstein,6.6,599.2,21.27,83.53,19.3,49.1,3.4,0,Healthy,29.65,30.04
COW_0351,Jersey,9.0,431.2,15.24,62.7,19.6,33.7,2.2,1,Unhealthy,12.5,7.92
COW_0352,Guernsey,7.9,473.5,14.46,63.25,22.3,43.6,9.8,0,Healthy,17.0,17.32
COW_0353,Holstein,2.8,636.9,20.79,92.79,31.8,53.9,2.3,1,Healthy,19.75,18.75
COW_0354,Guernsey,3.8,541.6,18.77,71.91,37.3,54.1,7.8,0,Unhealthy,16.49,12.66
COW_0355,Brown Swiss,8.2,592.0,20.23,79.12,26.4,90.2,8.8,0,Healthy,22.93,22.59
COW_0356,Holstein,7.2,678.7,21.27,81.14,19.2,34.1,2.6,1,Healthy,21.22,21.13
COW_0357,Brown Swiss,8.4,595.7,20.17,85.83,30.3,46.4,8.9,1,Healthy,17.67,17.51
COW_0358,Guernsey,3.2,545.2,18.8,80.09,29.1,56.1,6.2,0,Healthy,20.27,20.18
COW_0359,Brown Swiss,7.5,636.5,22.59,94.72,31.8,37.3,4.7,0,Healthy,18.57,18.63
COW_0360,Guernsey,3.5,504.7,18.1,79.65,35.9,38.6,9.8,0,Healthy,17.52,16.18
COW_0361,Jersey,5.2,450.3,16.43,60.03,39.5,46.2,1.7,0,Unhealthy,15.78,10.52
COW_0362,Ayrshire,8.4,491.8,14.97,61.9,18.3,33.0,9.4,0,Healthy,16.43,17.31
COW_0363,Ayrshire,9.3,527.6,17.17,66.83,16.6,30.0,9.2,0,Healthy,15.28,15.4
COW_0364,Holstein,3.5,640.6,19.59,83.9,17.3,34.7,7.7,0,Healthy,26.66,26.0
COW_0365,Jersey,2.0,478.2,15.11,56.98,30.3,63.1,8.8,0,Healthy,11.85,11.68
COW_0366,Brown Swiss,8.4,645.1,22.26,79.75,18.4,80.9,9.0,0,Healthy,18.75,19.27
COW_0367,Holstein,1.6,603.8,19.15,73.97,34.8,30.0,3.8,1,Healthy,20.88,19.46
COW_0368,Brown Swiss,4.6,614.1,20.84,83.11,34.2,77.9,5.8,0,Healthy,21.79,21.01
COW_0369,Holstein,8.7,657.6,22.37,84.68,10.6,79.5,1.4,0,Healthy,22.38,22.31
COW_0370,Ayrshire,8.8,505.1,17.05,67.0,10.4,63.3,7.9,0,Healthy,17.7,17.87
COW_0371,Jersey,4.7,471.0,12.19,51.2,15.0,50.2,5.5,0,Healthy,15.29,14.49
COW_0372,Ayrshire,4.9,551.3,17.24,72.28,15.6,91.8,2.9,0,Healthy,21.71,22.07
COW_0373,Ayrshire,2.7,529.2,17.87,71.26,33.3,52.3,6.6,1,Healthy,16.14,16.36
COW_0374,Jersey,9.4,469.4,15.86,69.86,30.1,90.2,6.6,0,Healthy,14.95,16.44
COW_0375,Holstein,3.2,624.6,19.07,82.2,30.9,53.6,8.4,1,Healthy,23.84,23.42
COW_0376,Guernsey,5.9,512.3,14.93,57.82,22.4,34.7,6.2,0,Healthy,17.26,18.34
COW_0377,Holstein,2.2,635.3,19.78,79.08,13.7,50.0,9.3,1,Healthy,21.52,22.05
COW_0378,Ayrshire,5.3,518.2,16.46,64.74,36.3,77.4,3.7,0,Healthy,18.48,18.35
COW_0379,Guernsey,9.6,515.5,19.28,75.92,16.8,78.4,9.3,0,Healthy,14.56,14.51
COW_0380,Ayrshire,3.1,554.5,18.46,77.96,19.0,58.0,3.8,0,Healthy,20.23,20.59
COW_0381,Guernsey,9.5,534.8,18.71,76.99,21.9,33.3,4.6,0,Healthy,17.32,16.73
COW_0382,Guernsey,3.1,532.3,18.01,80.15,16.1,49.0,7.7,0,Healthy,17.32,15.25
COW_0383,Guernsey,6.1,538.3,19.27,77.77,22.9,33.5,1.2,0,Healthy,22.83,22.02
COW_0384,Jersey,2.8,443.0,15.63,70.16,31.9,80.0,9.8,0,Healthy,17.47,16.4
COW_0385,Guernsey,2.5,525.2,16.51,57.81,24.2,85.5,4.1,0,Healthy,19.96,20.39
COW_0386,Brown Swiss,3.8,612.8,21.03,87.8,33.7,37.7,2.3,0,Unhealthy,21.93,16.54
COW_0387,Jersey,7.2,463.2,15.16,62.31,25.8,46.8,1.5,0,Healthy,16.5,16.75
COW_0388,Guernsey,2.0,452.8,15.76,58.75,31.4,88.4,6.2,1,Healthy,15.62,15.12
COW_0389,Ayrshire,7.2,576.8,21.5,101.76,20.0,63.8,2.8,0,Healthy,18.41,18.31
COW_0390,Jersey,3.9,431.4,11.27,48.84,38.0,90.0,5.5,0,Unhealthy,10.97,7.97
COW_0391,Jersey,1.9,436.6,14.66,64.55,20.1,41.7,3.5,0,Healthy,14.05,14.61
COW_0392,Guernsey,8.6,519.8,16.08,61.27,25.1,80.0,1.6,0,Healthy,18.5,18.33
COW_0393,Holstein,4.8,682.5,23.01,98.49,20.5,70.1,9.0,1,Healthy,23.31,23.88
COW_0394,Ayrshire,7.5,614.2,21.56,79.16,23.7,61.3,7.8,0,Healthy,20.16,19.98
COW_0395,Jersey,9.3,470.9,18.85,71.55,35.6,66.3,5.6,1,Healthy,10.94,10.86
COW_0396,Guernsey,2.2,509.8,17.51,71.01,27.3,38.2,6.2,0,Healthy,19.03,18.84
COW_0397,Jersey,7.6,429.4,12.46,49.42,30.1,56.2,3.7,0,Healthy,16.6,15.61
COW_0398,Guernsey,6.7,486.5,15.92,62.45,24.1,39.6,9.9,1,Healthy,16.3,16.01
COW_0399,Guernsey,8.6,485.3,17.51,57.26,29.0,70.4,2.1,0,Healthy,17.14,16.64
COW_0400,Jersey,4.6,384.9,12.53,51.23,20.0,75.6,7.9,0,Healthy,18.54,18.07
COW_0401,Ayrshire,4.9,520.0,16.19,64.1,22.2,45.5,6.7,0,Healthy,19.95,20.19
COW_0402,Holstein,4.3,704.1,22.35,96.49,28.2,58.9,7.7,1,Healthy,23.07,22.81
COW_0403,Jersey,2.5,490.4,17.38,72.7,17.7,90.7,2.2,0,Unhealthy,14.15,9.95
COW_0404,Brown Swiss,5.8,632.7,21.26,87.46,27.5,81.9,8.8,0,Healthy,17.39,16.98
COW_0405,Holstein,2.2,648.0,23.08,92.75,22.5,87.1,2.8,0,Unhealthy,24.59,16.95
COW_0406,Jersey,8.6,452.5,16.72,74.71,15.3,63.4,7.4,0,Healthy,15.66,15.12
COW_0407,Jersey,5.4,441.3,14.34,49.21,20.6,75.9,5.7,1,Healthy,15.37,16.39
COW_0408,Holstein,1.7,671.2,21.43,87.52,24.0,69.4,4.9,1,Healthy,22.15,22.36
COW_0409,Holstein,9.9,652.1,19.02,76.39,24.6,91.4,1.5,0,Healthy,21.52,22.3
COW_0410,Ayrshire,2.7,543.2,15.46,64.86,18.4,56.3,10.0,1,Healthy,15.12,15.24
COW_0411,Ayrshire,5.8,516.9,15.37,60.2,39.0,91.4,4.0,0,Unhealthy,16.08,11.8
COW_0412,Jersey,5.3,450.6,16.51,70.56,39.9,48.7,5.8,0,Unhealthy,13.87,10.13
COW_0413,Ayrshire,2.0,526.0,16.91,64.98,30.0,38.7,8.7,0,Healthy,17.0,17.14
COW_0414,Brown Swiss,4.4,537.0,16.84,70.85,16.7,62.8,3.3,1,Healthy,19.23,20.99
COW_0415,Brown Swiss,7.5,625.7,21.18,83.18,37.8,72.9,4.5,1,Healthy,13.33,14.64
COW_0416,Brown Swiss,9.6,618.3,19.28,70.89,36.9,92.8,5.0,0,Unhealthy,18.39,14.01
COW_0417,Guernsey,3.5,510.3,15.94,64.19,33.4,64.0,6.8,0,Healthy,19.3,19.24
COW_0418,Jersey,2.0,396.1,15.33,64.35,16.3,84.7,1.3,0,Healthy,14.33,14.16
COW_0419,Jersey,2.5,449.3,13.68,51.14,36.3,35.8,7.4,0,Healthy,12.82,11.91
COW_0420,Guernsey,8.9,500.7,14.37,46.95,19.1,76.6,4.2,0,Healthy,14.87,14.76
COW_0421,Ayrshire,4.6,509.6,18.51,74.81,10.3,56.6,4.0,0,Healthy,20.86,21.61
COW_0422,Brown Swiss,8.4,582.3,19.46,73.23,25.9,59.8,4.6,0,Healthy,19.12,17.75
COW_0423,Ayrshire,6.3,548.8,21.53,76.29,15.5,62.8,3.9,0,Healthy,21.15,21.47
COW_0424,Brown Swiss,6.8,621.5,21.42,84.18,28.9,58.5,1.3,0,Unhealthy,18.81,14.81
COW_0425,Ayrshire,1.8,521.8,17.55,61.49,26.4,38.7,7.2,0,Healthy,17.36,17.42
COW_0426,Holstein,3.8,684.3,22.38,93.77,13.9,78.2,6.8,0,Healthy,24.62,25.07
COW_0427,Ayrshire,2.6,571.6,18.24,72.72,25.2,67.2,9.4,0,Healthy,19.43,18.33
COW_0428,Ayrshire,9.4,474.8,16.81,69.8,39.2,93.4,1.6,0,Unhealthy,17.18,13.94
COW_0429,Guernsey,9.9,496.9,17.67,70.1,34.8,75.6,5.1,1,Healthy,12.81,13.43
COW_0430,Jersey,3.8,448.7,15.82,62.48,20.1,89.4,9.8,0,Healthy,18.34,18.92
COW_0431,Guernsey,2.0,532.2,15.75,65.15,39.2,93.9,5.4,0,Unhealthy,13.48,12.33
COW_0432,Holstein,9.0,651.3,21.96,79.95,15.8,36.6,9.2,0,Healthy,23.42,24.36
COW_0433,Holstein,2.3,665.6,24.21,94.37,15.5,33.7,6.3,0,Healthy,25.35,25.43
COW_0434,Ayrshire,4.3,524.0,18.93,67.18,18.2,31.7,7.6,0,Healthy,23.42,23.84
COW_0435,Jersey,4.5,469.1,16.11,64.98,15.5,36.9,8.3,0,Healthy,18.44,19.01
COW_0436,Jersey,2.0,472.0,16.53,68.37,18.6,71.6,3.8,0,Healthy,16.26,15.89
COW_0437,Brown Swiss,3.4,585.1,19.51,76.33,37.6,93.4,3.0,1,Unhealthy,16.25,12.55
COW_0438,Holstein,4.5,640.8,21.11,90.82,37.3,90.3,2.5,1,Unhealthy,19.14,14.12
COW_0439,Holstein,2.4,672.4,22.59,93.65,30.3,49.6,2.7,0,Healthy,23.84,24.93
COW_0440,Brown Swiss,2.6,589.4,17.73,73.63,12.9,40.8,9.3,0,Healthy,21.22,20.21
COW_0441,Ayrshire,3.4,551.4,14.03,54.98,20.3,41.9,1.1,0,Healthy,16.39,16.01
COW_0442,Brown Swiss,8.3,589.5,19.78,77.6,37.3,54.9,6.7,0,Healthy,14.12,13.64
COW_0443,Jersey,5.3,464.3,13.31,58.55,18.1,30.2,2.5,0,Healthy,16.96,17.48
COW_0444,Guernsey,6.8,526.1,17.78,69.6,17.1,72.4,4.6,0,Healthy,18.35,18.7
COW_0445,Holstein,8.3,645.0,20.16,75.08,12.5,80.1,6.7,0,Healthy,24.89,24.95
COW_0446,Brown Swiss,2.4,595.9,20.88,80.6,21.3,35.7,4.1,0,Healthy,18.43,19.89
COW_0447,Guernsey,2.7,510.1,15.46,66.22,17.3,49.9,5.3,1,Healthy,16.94,16.94
COW_0448,Brown Swiss,10.0,649.5,23.45,93.26,23.0,81.8,6.4,0,Healthy,20.9,19.72
COW_0449,Jersey,2.8,443.2,14.75,52.31,23.5,52.4,2.6,0,Unhealthy,17.75,14.06
COW_0450,Brown Swiss,8.0,637.3,21.11,82.89,23.7,63.7,1.1,0,Healthy,18.71,20.09
COW_0451,Jersey,3.0,432.0,11.29,45.81,27.9,78.0,1.3,0,Healthy,14.05,13.82
COW_0452,Jersey,4.5,452.9,14.94,60.65,24.6,66.8,9.3,0,Healthy,20.26,19.95
COW_0453,Guernsey,3.1,459.6,14.82,58.04,38.6,64.6,6.7,0,Healthy,16.8,16.16
COW_0454,Ayrshire,5.4,533.3,16.75,62.44,11.5,60.4,8.7,0,Healthy,19.83,19.77
COW_0455,Holstein,7.6,592.4,18.59,73.47,39.2,30.3,4.7,1,Unhealthy,16.23,12.12
COW_0456,Brown Swiss,6.0,589.5,20.05,85.28,11.2,43.4,9.3,0,Healthy,21.84,21.35
COW_0457,Jersey,7.3,443.4,15.04,62.33,28.5,32.9,6.6,0,Healthy,15.14,15.67
COW_0458,Ayrshire,8.7,555.6,18.43,68.03,11.1,35.2,7.1,0,Healthy,16.21,15.7
COW_0459,Jersey,3.2,459.2,15.69,63.17,11.5,39.7,5.8,0,Healthy,16.83,16.86
COW_0460,Brown Swiss,1.9,591.8,17.01,73.31,38.6,88.7,7.4,0,Unhealthy,14.59,11.23
COW_0461,Jersey,5.6,459.2,13.71,55.51,28.4,40.2,9.7,0,Healthy,16.3,15.21
COW_0462,Brown Swiss,6.8,621.0,21.43,87.73,25.6,73.5,8.3,0,Healthy,20.48,20.54
COW_0463,Jersey,1.6,459.8,15.34,62.81,12.9,47.8,3.9,0,Healthy,16.49,15.44
COW_0464,Ayrshire,2.6,490.6,14.42,56.42,31.0,79.3,2.0,0,Healthy,18.18,18.2
COW_0465,Guernsey,6.5,485.2,17.67,67.84,11.7,66.0,6.3,0,Healthy,21.04,21.55
COW_0466,Holstein,2.4,727.7,22.69,88.16,23.8,50.0,1.3,0,Healthy,27.65,29.12
COW_0467,Holstein,7.2,610.9,18.77,75.03,18.3,77.5,1.7,0,Healthy,22.79,21.32
COW_0468,Holstein,9.5,647.0,21.59,90.3,23.9,83.2,7.1,1,Healthy,20.34,21.35
COW_0469,Ayrshire,2.6,539.2,15.8,66.6,26.3,47.5,7.3,0,Healthy,17.69,18.39
COW_0470,Brown Swiss,3.2,564.4,18.24,68.61,35.1,86.2,6.4,0,Unhealthy,18.54,13.15
COW_0471,Ayrshire,7.9,518.2,17.21,72.27,29.1,82.1,5.2,0,Healthy,17.63,17.87
COW_0472,Jersey,1.7,458.8,15.92,58.79,15.2,77.1,5.5,0,Healthy,16.84,16.21
COW_0473,Ayrshire,2.8,511.7,15.64,55.73,24.7,56.5,9.9,1,Healthy,15.74,15.86
COW_0474,Holstein,8.6,633.0,25.5,108.8,26.8,41.1,2.8,0,Healthy,23.7,24.05
COW_0475,Guernsey,4.8,482.1,15.54,60.2,13.0,42.9,10.0,1,Healthy,17.37,17.41
COW_0476,Jersey,2.3,471.9,14.05,47.76,11.5,62.3,2.1,0,Unhealthy,17.38,12.51
COW_0477,Jersey,2.8,464.5,16.72,64.4,13.2,70.8,2.1,0,Healthy,15.14,16.21
COW_0478,Guernsey,1.5,453.5,11.34,45.48,39.2,40.3,4.2,0,Healthy,16.09,15.24
COW_0479,Jersey,6.1,469.5,16.71,61.15,33.9,76.8,1.8,0,Healthy,16.6,17.48
COW_0480,Guernsey,7.1,445.2,14.0,58.72,13.6,85.3,2.4,0,Unhealthy,18.07,14.54
COW_0481,Brown Swiss,4.4,635.9,22.85,97.58,38.8,80.4,6.6,0,Unhealthy,18.94,15.31
COW_0482,Brown Swiss,2.0,605.6,18.48,63.41,14.2,36.7,5.8,1,Healthy,18.49,17.81
COW_0483,Ayrshire,9.9,510.9,18.41,79.7,21.2,31.2,7.3,1,Healthy,17.21,17.4
COW_0484,Ayrshire,4.7,507.4,17.4,58.38,34.3,53.5,5.7,0,Healthy,17.68,16.91
COW_0485,Ayrshire,6.3,524.9,16.95,73.52,20.8,35.0,4.8,0,Healthy,21.29,22.2
COW_0486,Jersey,1.9,424.1,15.06,75.8,17.3,78.4,2.5,1,Healthy,11.8,11.54
COW_0487,Ayrshire,7.2,571.3,19.62,79.47,22.4,75.4,3.4,0,Healthy,19.71,19.48
COW_0488,Jersey,6.1,483.5,16.96,67.53,30.2,34.2,5.2,1,Healthy,11.27,9.93
COW_0489,Brown Swiss,6.9,578.5,19.1,77.43,15.8,69.4,7.1,0,Healthy,21.44,21.92
COW_0490,Jersey,9.1,452.5,16.01,76.01,10.8,46.0,5.1,0,Healthy,17.81,18.12
COW_0491,Jersey,5.1,479.4,17.1,63.57,23.3,66.5,8.6,0,Healthy,18.93,20.32
COW_0492,Ayrshire,6.5,482.8,16.09,65.87,25.7,31.5,4.7,0,Healthy,18.48,19.02
COW_0493,Holstein,2.6,672.7,21.69,90.46,33.9,47.5,9.0,1,Healthy,21.84,21.13
COW_0494,Ayrshire,9.6,545.2,16.83,71.77,27.7,76.9,9.5,0,Healthy,18.6,18.67
COW_0495,Ayrshire,4.7,567.8,20.24,84.87,15.9,39.4,10.0,0,Healthy,19.52,20.13
COW_0496,Jersey,10.0,415.0,10.96,40.31,37.2,42.4,6.5,0,Healthy,11.78,11.5
COW_0497,Guernsey,9.0,499.5,17.47,73.84,20.7,47.0,9.5,0,Healthy,17.81,18.93
COW_0498,Holstein,7.6,642.2,21.24,88.99,13.5,64.3,2.1,0,Healthy,28.62,28.35
COW_0499,Jersey,5.7,442.9,15.09,58.98,31.2,45.5,4.5,0,Healthy,16.35,15.48
COW_0500,Jersey,8.1,443.9,14.24,56.89,12.5,82.5,7.9,0,Healthy,16.29,16.97
